{"initial_reset_timestamp": 1576047330.0137217, "timestamps": [1576047334.7043397, 1576047338.9098337, 1576047341.1260805, 1576047341.5978198, 1576047342.0097191, 1576047342.4236135, 1576047342.8375075, 1576047343.2972806, 1576047347.5814605, 1576047348.496017], "episode_lengths": [200, 200, 200, 200, 200, 200, 200, 200, 200, 200], "episode_rewards": [-200.0, -200.0, -200.0, -200.0, -200.0, -200.0, -200.0, -200.0, -200.0, -200.0], "episode_types": ["t", "t", "t", "t", "t", "t", "t", "t", "t", "t"]}